"barcode1","article-no","clolor","size","week 1","week 2","week 3","week 4","week 5","week 6","week 7","week 8","week 9","week 10","week 11","week 12","week 13","week 14","week 15","week 16","week 17","week 18","week 19","week 20"
"1000794701229","CK2-50150077","Black","Large","101.0","114.0","93.0","79.0","55.0","41.0","31.0","33.0","25.0","11.0","15.0","7.0","0","0","0","0","0","0","0","7.0"
"1000794713222","CK2-50150077","Pink","Large","68.0","95.0","72.0","61.0","55.0","85.0","59.0","71.0","53.0","36.0","15.0","9.0","7.0","5.0","4.0","0","1.0","0","0","8.0"
"1000794714229","CK2-50150077","Taupe","Large","68.0","89.0","90.0","67.0","46.0","53.0","40.0","22.0","10.0","5.0","7.0","0","0","0","0","0","0","0","0","8.0"
"1000794910218","CK2-50150078","Navy","Medium","18.0","20.0","30.0","26.0","23.0","24.0","18.0","17.0","16.0","7.0","15.0","7.0","10.0","4.0","6.0","5.0","2.0","0","2.0","2.0"
"1000794916210","CK2-50150078","Maroon","Medium","41.0","48.0","48.0","47.0","35.0","33.0","21.0","26.0","22.0","28.0","33.0","17.0","7.0","18.0","4.0","6.0","2.0","1.0","3.0","1.0"
"1000794935211","CK2-50150078","Nude","Medium","30.0","38.0","41.0","27.0","34.0","34.0","23.0","17.0","18.0","28.0","20.0","26.0","24.0","31.0","22.0","16.0","10.0","8.0","3.0","5.0"
"1000798301210","CK2-70150079","Black","Medium","77.0","97.0","72.0","37.0","5.0","3.0","2.0","1.0","0","0","0","0","0","0","0","0","0","0","0","0"
"1000798306215","CK2-70150079","Blue","Medium","99.0","34.0","18.0","1.0","0","0","1.0","0","0","0","0","0","0","0","0","0","0","0","0","0"
"1000798300213","CK2-70150079","Tan","Medium","63.0","84.0","79.0","48.0","28.0","23.0","15.0","6.0","0","3.0","1.0","0","0","0","0","0","0","0","0","0"
"1000798501214","CK2-70150080","Black","Medium","229.0","329.0","205.0","26.0","1.0","0.0","0.0","1.0","0","0","0","0","0","0","0","0","0","0","0","193.0"
"1000798506219","CK2-70150080","Blue","Medium","92.0","160.0","120.0","101.0","87.0","86.0","27.0","5.0","0.0","0","0","1.0","0","0","0","0","0","0","0","0"
"1000798505212","CK2-70150080","Beige","Medium","0","0","0","0","0","0","0","0","0","0","0","0","0","0","0","0","0","0","0","79.0"
"1000798513217","CK2-70150080","Pink","Medium","171.0","260.0","237.0","144.0","55.0","25.0","3.0","1.0","0","0","0","0","0","0","0","0","0","0","0","162.0"
"1000795101219","CK2-50150081","Black","Medium","15.0","11.0","17.0","8.0","9.0","14.0","15.0","12.0","22.0","20.0","14.0","12.0","28.0","28.0","25.0","24.0","27.0","17.0","19.0","18.0"
"1000795122214","CK2-50150081","Camel","Medium","30.0","21.0","33.0","27.0","21.0","28.0","41.0","36.0","32.0","29.0","47.0","18.0","21.0","2.0","3.0","2.0","4.0","2.0","0","0"
"1000795109215","CK2-50150081","Cream","Medium","8.0","13.0","16.0","12.0","8.0","11.0","33.0","24.0","14.0","13.0","30.0","21.0","28.0","31.0","37.0","29.0","32.0","31.0","25.0","31.0"
"1000792701221","CK2-30150082","Black","Large","16.0","29.0","20.0","28.0","19.0","18.0","21.0","7.0","14.0","23.0","13.0","21.0","8.0","4.0","20.0","34.0","35.0","27.0","27.0","7.0"
"1000792700224","CK2-30150082","Tan","Large","23.0","17.0","20.0","32.0","22.0","23.0","17.0","14.0","11.0","14.0","9.0","20.0","9.0","12.0","17.0","32.0","23.0","50.0","47.0","16.0"
"1000798701201","CK2-70150083","Black","Small","48.0","42.0","44.0","55.0","40.0","42.0","41.0","35.0","37.0","9.0","17.0","8.0","12.0","3.0","4.0","3.0","3.0","1.0","0","1.0"
"1000798735206","CK2-70150083","Nude","Small","48.0","52.0","31.0","50.0","32.0","29.0","45.0","49.0","33.0","57.0","36.0","33.0","20.0","10.0","8.0","2.0","2.0","1.0","1.0","1.0"
"1000798703205","CK2-70150083","White","Small","67.0","73.0","54.0","60.0","67.0","61.0","55.0","33.0","15.0","3.0","0","0","0","0","0","1.0","0","0","0","0"
"1000795323215","CK2-50150084","Yellow","Medium","128.0","138.0","141.0","148.0","34.0","2.0","0","1.0","0","0","0","0","0","0","0","0","0","0","0","0"
"1000795306218","CK2-50150084","Blue","Medium","122.0","124.0","106.0","19.0","20.0","3.0","0.0","0","0","0","0","0","1.0","0","0","0","0","0","0","0"
"1000800104211","CK2-90150085","Grey","Medium","16.0","14.0","10.0","6.0","11.0","19.0","13.0","8.0","12.0","10.0","12.0","12.0","16.0","17.0","7.0","11.0","16.0","27.0","24.0","40.0"
"1000800121218","CK2-90150085","Teal","Medium","55.0","44.0","52.0","28.0","37.0","41.0","30.0","26.0","20.0","11.0","16.0","15.0","12.0","5.0","1.0","4.0","1.0","0","0","0"
"1000800122215","CK2-90150085","Camel","Medium","44.0","48.0","54.0","45.0","26.0","51.0","37.0","26.0","30.0","26.0","27.0","45.0","26.0","32.0","30.0","20.0","30.0","49.0","54.0","61.0"
"1000792902222","CK2-30150086","Brown","Large","60.0","77.0","81.0","101.0","89.0","78.0","54.0","12.0","8.0","22.0","14.0","6.0","2.0","1.0","0","0","0","0","1.0","21.0"
"1000792917226","CK2-30150086","Orange","Large","140.0","156.0","169.0","212.0","11.0","4.0","2.0","1.0","0.0","1.0","0","0","0","0","0","0","0","0","7.0","84.0"
"1000792912221","CK2-30150086","Green","Large","88.0","98.0","85.0","108.0","71.0","30.0","12.0","5.0","0","0","0","0","0","0","0","0","0","0","4.0","30.0"
"1000789901214","CK2-20150087","Black","Medium","123.0","141.0","143.0","135.0","175.0","70.0","4.0","1.0","1.0","0","0","0","0","0","0","0","0","94.0","159.0","118.0"
"1000789968217","CK2-20150087","Light Grey","Medium","137.0","148.0","183.0","139.0","65.0","21.0","4.0","0","1.0","0","0","-1.0","0","0","1.0","0","0","131.0","127.0","130.0"
"1000789922219","CK2-20150087","Camel","Medium","120.0","157.0","190.0","215.0","217.0","81.0","11.0","1.0","0.0","1.0","-1.0","0","0","0","0","0","0","110.0","189.0","130.0"
"1000795514217","CK2-50150088","Taupe","Medium","21.0","35.0","31.0","25.0","25.0","20.0","17.0","31.0","13.0","10.0","8.0","0","1.0","2.0","1.0","1.0","0","0","2.0","1.0"
"1000795536219","CK2-50150088","Mustard","Medium","103.0","112.0","69.0","53.0","16.0","2.0","0.0","0","0","0","-1.0","0","0","0","0","-1.0","-1.0","0","0","0"
"1000795509213","CK2-50150088","Cream","Medium","38.0","37.0","22.0","36.0","33.0","24.0","26.0","26.0","21.0","29.0","29.0","13.0","20.0","8.0","4.0","4.0","1.0","4.0","4.0","0"
"1000799310211","CK2-80150089","Navy","Medium","89.0","73.0","68.0","52.0","42.0","43.0","49.0","50.0","48.0","20.0","20.0","17.0","9.0","4.0","8.0","1.0","2.0","1.0","1.0","1.0"
"1000799322214","CK2-80150089","Camel","Medium","54.0","47.0","44.0","36.0","22.0","41.0","30.0","40.0","22.0","26.0","21.0","25.0","24.0","22.0","13.0","10.0","5.0","2.0","2.0","1.0"
"1000799335214","CK2-80150089","Nude","Medium","0","0","0","0","0","0","0","0","0","0","0","0","0","0","0","1.0","1.0","1.0","0","0"
"1000795701228","CK2-50150090","Black","Large","48.0","46.0","31.0","42.0","32.0","45.0","33.0","35.0","39.0","53.0","38.0","42.0","36.0","35.0","22.0","18.0","21.0","17.0","5.0","21.0"
"1000795706223","CK2-50150090","Blue","Large","35.0","27.0","40.0","29.0","26.0","28.0","28.0","24.0","33.0","40.0","43.0","35.0","29.0","12.0","16.0","11.0","11.0","6.0","0","9.0"
"1000795713221","CK2-50150090","Pink","Large","72.0","76.0","60.0","76.0","61.0","62.0","61.0","74.0","72.0","40.0","21.0","11.0","1.0","0","2.0","0","0","0","0","0"
"1000790101221","CK2-20150091","Black","Large","21.0","9.0","19.0","18.0","18.0","11.0","16.0","14.0","10.0","11.0","14.0","20.0","19.0","13.0","14.0","15.0","14.0","14.0","10.0","2.0"
"1000790100224","CK2-20150091","Tan","Large","30.0","34.0","29.0","41.0","34.0","27.0","23.0","25.0","31.0","35.0","40.0","41.0","16.0","11.0","8.0","4.0","4.0","1.0","2.0","1.0"
"1000790113224","CK2-20150091","Pink","Large","17.0","32.0","19.0","36.0","21.0","26.0","24.0","17.0","19.0","17.0","22.0","17.0","11.0","4.0","4.0","4.0","3.0","1.0","-1.0","1.0"
"1000790300211","CK2-20150092","Tan","Medium","49.0","52.0","47.0","51.0","36.0","41.0","53.0","61.0","67.0","54.0","41.0","17.0","9.0","10.0","3.0","5.0","2.0","1.0","3.0","2.0"
"1000790318216","CK2-20150092","Khaki","Medium","67.0","59.0","54.0","41.0","56.0","54.0","29.0","10.0","8.0","2.0","4.0","1.0","0","0","0","0","0","0","0","0"
"1000790309214","CK2-20150092","Cream","Medium","63.0","34.0","54.0","45.0","51.0","53.0","53.0","46.0","36.0","29.0","20.0","12.0","1.0","0","0","0","0","0","0","0"
"1000790503216","CK2-20150093","White","Medium","38.0","52.0","39.0","27.0","27.0","16.0","14.0","20.0","19.0","15.0","27.0","19.0","20.0","12.0","15.0","2.0","1.0","3.0","4.0","1.0"
"1000790500215","CK2-20150093","Tan","Medium","60.0","69.0","79.0","43.0","51.0","37.0","32.0","37.0","27.0","44.0","29.0","14.0","10.0","4.0","1.0","1.0","1.0","1.0","0","0"
"1000790724208","CK2-20150094","Multi","Small","66.0","58.0","11.0","9.0","6.0","0","0","0","0","0","0","0","0","0","0","0","0","0","0","0"
"1000790723201","CK2-20150094","Yellow","Small","60.0","100.0","67.0","73.0","60.0","67.0","22.0","36.0","8.0","0","2.0","4.0","0","0","0","0.0","1.0","0","0","0"
"1000790709205","CK2-20150094","Cream","Small","77.0","98.0","71.0","58.0","41.0","41.0","27.0","25.0","8.0","3.0","1.0","0","0","0","0","0","0","0","0","0"
"1000793901224","CK2-40150097","Black","Large","82.0","87.0","88.0","73.0","77.0","77.0","37.0","10.0","0","1.0","0","0","0","0","0","0","0","0","0","0"
"1000793905222","CK2-40150097","Beige","Large","77.0","77.0","66.0","64.0","50.0","63.0","107.0","82.0","70.0","71.0","14.0","7.0","0","0","0","0","0","0","0","0"
"1000793909220","CK2-40150097","Cream","Large","70.0","58.0","40.0","54.0","64.0","68.0","82.0","74.0","42.0","47.0","31.0","16.0","0","0","0","0","0","0","0","1.0"
"1000787503328","CK2-10640705","White","Extra Small","132.0","74.0","53.0","63.0","61.0","61.0","52.0","49.0","48.0","30.0","35.0","14.0","13.0","3.0","2.0","7.0","0","0","0","0"
"1000787513327","CK2-10640705","Pink","Extra Small","99.0","70.0","48.0","48.0","59.0","33.0","41.0","47.0","38.0","71.0","69.0","62.0","59.0","59.0","80.0","77.0","27.0","25.0","12.0","12.0"
"1000787523326","CK2-10640705","Yellow","Extra Small","69.0","56.0","40.0","41.0","44.0","32.0","38.0","38.0","37.0","52.0","54.0","41.0","43.0","46.0","75.0","85.0","55.0","37.0","20.0","19.0"
"1000787702325","CK2-10640706","Brown","Extra Small","62.0","25.0","51.0","52.0","45.0","64.0","38.0","39.0","49.0","46.0","59.0","44.0","39.0","27.0","28.0","20.0","31.0","35.0","24.0","28.0"
"1000787717329","CK2-10640706","Orange","Extra Small","174.0","141.0","109.0","116.0","114.0","141.0","123.0","115.0","83.0","44.0","29.0","10.0","1.0","0","1.0","89.0","108.0","89.0","81.0","108.0"
"1000787712324","CK2-10640706","Green","Extra Small","85.0","67.0","44.0","42.0","40.0","70.0","41.0","55.0","53.0","76.0","82.0","100.0","60.0","29.0","30.0","37.0","49.0","47.0","30.0","43.0"
"1000787955325","CK2-10640707","Brick","Extra Small","70.0","101.0","95.0","65.0","61.0","46.0","52.0","28.0","16.0","6.0","3.0","2.0","0","0","0","0","0","0","0","0"
"1000787922327","CK2-10640707","Camel","Extra Small","47.0","54.0","62.0","48.0","63.0","101.0","75.0","95.0","46.0","19.0","13.0","4.0","3.0","1.0","2.0","0","0","0","0","0"
"1000787935327","CK2-10640707","Nude","Extra Small","68.0","110.0","130.0","110.0","163.0","111.0","91.0","18.0","1.0","0","0","0","0","0","0","0","0","0","0","0"
"1000788130325","CK2-10640708","Fuchsia","Extra Small","55.0","70.0","46.0","43.0","29.0","35.0","25.0","22.0","18.0","16.0","20.0","11.0","14.0","13.0","7.0","6.0","3.0","5.0","0","2.0"
"1000788113328","CK2-10640708","Pink","Extra Small","38.0","52.0","24.0","32.0","26.0","19.0","23.0","16.0","22.0","18.0","12.0","9.0","13.0","15.0","9.0","10.0","10.0","8.0","2.0","2.0"
"1000788123327","CK2-10640708","Yellow","Extra Small","34.0","37.0","36.0","42.0","21.0","18.0","16.0","14.0","23.0","11.0","7.0","18.0","7.0","9.0","3.0","7.0","6.0","4.0","2.0","0"
"1000798912201","CK2-70640709","Green","Small","33.0","34.0","24.0","30.0","20.0","31.0","32.0","27.0","15.0","15.0","10.0","8.0","6.0","6.0","0","0","0","1.0","1.0","1.0"
"1000798936207","CK2-70640709","Mustard","Small","35.0","41.0","38.0","31.0","37.0","49.0","54.0","48.0","39.0","45.0","25.0","13.0","12.0","0.0","4.0","7.0","5.0","3.0","1.0","2.0"
"1000798903209","CK2-70640709","White","Small","85.0","76.0","72.0","76.0","40.0","22.0","8.0","8.0","6.0","3.0","0","0","0","0","0","-1.0","1.0","0","0","0"
"1000794102224","CK2-40640711","Brown","Large","57.0","68.0","68.0","43.0","29.0","29.0","7.0","0","0","0","0","0","0","0","0","0","0","0","0","0"
"1000794122222","CK2-40640711","Camel","Large","77.0","101.0","86.0","80.0","31.0","18.0","3.0","0","0","1.0","0","0","0","1.0","0","0","0","0","0","0"
"1000794109223","CK2-40640711","Cream","Large","111.0","94.0","107.0","87.0","63.0","37.0","3.0","0.0","0","0","0","0","0","1.0","0","0","0","0","0","0"
"1000793110220","CK2-30640712","Navy","Large","337.0","386.0","70.0","7.0","0.0","-3.0","0","0","0","0","0","0","0","0","256.0","290.0","312.0","330.0","289.0","216.0"
"1000793109224","CK2-30640712","Cream","Large","183.0","171.0","145.0","123.0","52.0","3.0","3.0","3.0","0","0","1.0","0","0","0","80.0","96.0","73.0","74.0","14.0","5.0"
"1000793112224","CK2-30640712","Green","Large","224.0","59.0","9.0","0","0","0","0","0","0","0","0","0","0","0","120.0","124.0","119.0","135.0","105.0","103.0"
"1000793302229","CK2-30640713","Brown","Large","18.0","24.0","19.0","13.0","18.0","7.0","16.0","16.0","6.0","4.0","5.0","7.0","3.0","0","3.0","3.0","0","0","18.0","5.0"
"1000793305220","CK2-30640713","Beige","Large","10.0","11.0","9.0","9.0","3.0","8.0","17.0","20.0","7.0","8.0","13.0","9.0","5.0","5.0","1.0","1.0","2.0","4.0","19.0","16.0"
"1000793309228","CK2-30640713","Cream","Large","36.0","34.0","32.0","28.0","19.0","17.0","16.0","17.0","7.0","5.0","5.0","5.0","4.0","3.0","3.0","2.0","1.0","0","6.0","2.0"
"1000794302211","CK2-40640714","Brown","Medium","49.0","27.0","38.0","22.0","46.0","26.0","33.0","31.0","34.0","34.0","24.0","35.0","32.0","13.0","20.0","13.0","7.0","6.0","4.0","2.0"
"1000794323216","CK2-40640714","Yellow","Medium","71.0","64.0","70.0","49.0","46.0","22.0","22.0","6.0","1.0","0","-2.0","0","0","0","0","0","0","0","0","0"
"1000794303218","CK2-40640714","White","Medium","26.0","33.0","33.0","16.0","41.0","18.0","26.0","27.0","15.0","21.0","31.0","15.0","24.0","20.0","13.0","14.0","9.0","10.0","5.0","1.0"
"1000790914227","CK2-20660081","Taupe","Large","216.0","178.0","151.0","40.0","11.0","2.0","0","0","0","0","0","0","0","0","111.0","153.0","152.0","161.0","144.0","119.0"
"1000790909223","CK2-20660081","Cream","Large","0","0","0","0","0","0","0","0","0","0","0","0","0","0","1.0","0","0","0","0","0"
"1000790903221","CK2-20660081","White","Large","151.0","178.0","146.0","145.0","56.0","7.0","3.0","2.0","0","0.0","0","0","0","0","107.0","139.0","132.0","140.0","154.0","116.0"
"1000790901227","CK2-20660081","Black","Large","173.0","145.0","157.0","150.0","39.0","3.0","0","1.0","0","0","0","0","0","0","99.0","133.0","137.0","137.0","137.0","97.0"
"1000791129217","CK2-20660082","Dark brown","Medium","27.0","23.0","16.0","17.0","17.0","16.0","16.0","15.0","16.0","21.0","14.0","13.0","19.0","14.0","20.0","15.0","5.0","1.0","3.0","2.0"
"1000791100216","CK2-20660082","Tan","Medium","90.0","62.0","65.0","51.0","65.0","66.0","75.0","67.0","43.0","38.0","13.0","10.0","1.0","1.0","1.0","0","0","0","1.0","0"
"1000791109219","CK2-20660082","Cream","Medium","70.0","49.0","44.0","41.0","53.0","33.0","52.0","47.0","39.0","27.0","6.0","7.0","9.0","10.0","3.0","0","1.0","2.0","2.0","0"
"1000793501226","CK2-30660083","Black","Large","63.0","49.0","50.0","41.0","55.0","41.0","54.0","32.0","37.0","29.0","30.0","22.0","25.0","20.0","32.0","21.0","9.0","14.0","7.0","15.0"
"1000793508225","CK2-30660083","Red","Large","121.0","140.0","130.0","39.0","10.0","3.0","0","1.0","0","0","0","0","0","0","0","0","0","0","0","27.0"
"1000793522221","CK2-30660083","Camel","Large","102.0","99.0","102.0","113.0","116.0","86.0","52.0","21.0","3.0","3.0","1.0","0","0","0","0","0","0","0","0","15.0"
"1000799505211","CK2-80660084","Beige","Medium","43.0","21.0","33.0","31.0","19.0","32.0","28.0","20.0","16.0","14.0","17.0","20.0","22.0","35.0","38.0","41.0","39.0","36.0","46.0","38.0"
"1000799517214","CK2-80660084","Orange","Medium","37.0","30.0","23.0","26.0","15.0","33.0","19.0","21.0","11.0","21.0","11.0","16.0","14.0","23.0","31.0","37.0","26.0","30.0","35.0","24.0"
"1000799503217","CK2-80660084","White","Medium","18.0","23.0","23.0","27.0","18.0","16.0","13.0","17.0","17.0","18.0","11.0","13.0","11.0","21.0","21.0","29.0","19.0","20.0","25.0","24.0"
"1000795901222","CK2-50660085","Black","Large","16.0","19.0","12.0","12.0","9.0","18.0","15.0","16.0","9.0","16.0","13.0","4.0","18.0","13.0","22.0","10.0","16.0","10.0","8.0","7.0"
"1000795937221","CK2-50660085","Olive","Large","8.0","9.0","7.0","8.0","10.0","13.0","7.0","9.0","6.0","8.0","8.0","4.0","13.0","14.0","16.0","8.0","8.0","12.0","12.0","5.0"
"1000795909228","CK2-50660085","Cream","Large","13.0","16.0","20.0","23.0","19.0","22.0","9.0","15.0","17.0","11.0","10.0","8.0","15.0","14.0","12.0","13.0","7.0","6.0","6.0","6.0"
"1000799701217","CK2-80660086","Black","Medium","42.0","26.0","17.0","21.0","16.0","18.0","25.0","11.0","14.0","17.0","21.0","15.0","10.0","6.0","7.0","19.0","5.0","5.0","0","1.0"
"1000799755210","CK2-80660086","Brick","Medium","40.0","39.0","56.0","49.0","23.0","24.0","44.0","43.0","31.0","31.0","33.0","43.0","28.0","32.0","36.0","62.0","37.0","11.0","7.0","2.0"
"1000799722212","CK2-80660086","Camel","Medium","62.0","61.0","85.0","66.0","66.0","59.0","61.0","58.0","47.0","18.0","8.0","6.0","1.0","0","0","1.0","0","0","0","0"
"1000796100211","CK2-50660087","Tan","Medium","81.0","61.0","80.0","63.0","39.0","55.0","25.0","22.0","24.0","5.0","1.0","1.0","0","0","0","0","1.0","0","0","0"
"1000796105216","CK2-50660087","Beige","Medium","34.0","26.0","20.0","11.0","22.0","17.0","12.0","8.0","27.0","27.0","15.0","21.0","17.0","11.0","10.0","15.0","8.0","13.0","12.0","34.0"
"1000796301229","CK2-50660088","Black","Large","98.0","73.0","25.0","9.0","7.0","6.0","0","0","0","0","19.0","12.0","2.0","1.0","0","0","0","0","0","0"
"1000796303223","CK2-50660088","White","Large","151.0","164.0","69.0","37.0","16.0","9.0","2.0","0","0","0","0","0","0","0","0","0","0","0","0","0"
"1000796335224","CK2-50660088","Nude","Large","126.0","99.0","84.0","49.0","10.0","18.0","7.0","0","0","0","0","0","0","0","0","0","0","0","0","0"
"1000796501216","CK2-50660090","Black","Medium","67.0","79.0","71.0","47.0","43.0","42.0","20.0","12.0","2.0","0","0","1.0","2.0","2.0","0","1.0","0","0","0","0"
"1000796502213","CK2-50660090","Brown","Medium","32.0","31.0","41.0","27.0","22.0","30.0","25.0","26.0","26.0","21.0","21.0","15.0","1.0","4.0","5.0","6.0","11.0","5.0","7.0","6.0"
"1000796505214","CK2-50660090","Beige","Medium","85.0","83.0","70.0","70.0","73.0","79.0","60.0","48.0","12.0","6.0","6.0","2.0","1.0","5.0","4.0","1.0","0","0","0","0"
"1000791336219","CK2-20660091","Mustard","Medium","80.0","82.0","66.0","46.0","55.0","63.0","70.0","42.0","32.0","13.0","8.0","1.0","1.0","0","0","0","0","0","0","0"
"1000791303211","CK2-20660091","White","Medium","57.0","43.0","20.0","28.0","28.0","31.0","42.0","22.0","36.0","17.0","21.0","18.0","17.0","7.0","8.0","12.0","13.0","13.0","8.0","4.0"
"1000791313210","CK2-20660091","Pink","Medium","151.0","98.0","29.0","18.0","5.0","0","-1.0","-1.0","1.0","0","0","0","0","-1.0","0","0","0","-1.0","0","0"
"1000791501228","CK2-20660092","Black","Large","39.0","38.0","39.0","62.0","36.0","51.0","28.0","34.0","35.0","32.0","39.0","20.0","10.0","17.0","6.0","5.0","3.0","3.0","0","1.0"
"1000791535223","CK2-20660092","Nude","Large","50.0","66.0","58.0","45.0","50.0","32.0","17.0","25.0","17.0","8.0","6.0","8.0","0","1.0","3.0","0","0","0","1.0","0"
"1000791505226","CK2-20660092","Beige","Large","55.0","60.0","62.0","62.0","55.0","61.0","53.0","40.0","45.0","39.0","21.0","21.0","10.0","6.0","8.0","9.0","1.0","1.0","0","0"
"1000791722210","CK2-20660094","Camel","Medium","29.0","33.0","32.0","31.0","36.0","37.0","40.0","19.0","17.0","23.0","24.0","25.0","27.0","20.0","16.0","22.0","23.0","42.0","1.0","25.0"
"1000791714215","CK2-20660094","Taupe","Medium","44.0","34.0","27.0","27.0","32.0","37.0","25.0","30.0","31.0","25.0","25.0","11.0","19.0","25.0","19.0","8.0","20.0","41.0","0","18.0"
"1000791735210","CK2-20660094","Nude","Medium","62.0","60.0","70.0","70.0","48.0","70.0","65.0","64.0","67.0","58.0","45.0","37.0","33.0","42.0","36.0","29.0","39.0","53.0","0","17.0"
"1000796701203","CK2-50660095","Black","Small","40.0","56.0","35.0","41.0","31.0","26.0","34.0","35.0","21.0","24.0","21.0","6.0","7.0","8.0","6.0","6.0","1.0","3.0","1.0","0"
"1000796720204","CK2-50660095","Peach","Small","39.0","63.0","38.0","25.0","29.0","28.0","23.0","21.0","25.0","35.0","30.0","34.0","15.0","8.0","9.0","5.0","6.0","3.0","1.0","2.0"
"1000796714203","CK2-50660095","Taupe","Small","51.0","70.0","47.0","33.0","34.0","35.0","41.0","30.0","39.0","45.0","23.0","25.0","29.0","19.0","7.0","10.0","5.0","0","0","2.0"
"1000794501218","CK2-40660096","Black","Medium","19.0","22.0","31.0","14.0","18.0","9.0","30.0","18.0","27.0","28.0","24.0","25.0","21.0","44.0","28.0","19.0","22.0","5.0","10.0","1.0"
"1000794535213","CK2-40660096","Nude","Medium","35.0","30.0","38.0","41.0","33.0","29.0","39.0","29.0","24.0","33.0","25.0","42.0","35.0","49.0","33.0","25.0","17.0","8.0","6.0","0"
"1000794555211","CK2-40660096","Brick","Medium","32.0","23.0","39.0","25.0","23.0","24.0","18.0","19.0","20.0","21.0","21.0","28.0","18.0","26.0","18.0","10.0","8.0","4.0","4.0","0"
"1000793701220","CK2-30660097","Black","Large","21.0","27.0","30.0","58.0","60.0","43.0","24.0","17.0","14.0","3.0","0","0","1.0","0","0","1.0","0","0","0","0"
"1000793755223","CK2-30660097","Brick","Large","179.0","176.0","191.0","42.0","3.0","1.0","0","1.0","0","0","0","0","0","0","0","0","0","0","0","8.0"
"1000793702227","CK2-30660097","Brown","Large","0","0","0","0","0","0","0","0","0","0","0","0","0","0","0","0","0","0","0","6.0"
"1000793735225","CK2-30660097","Nude","Large","98.0","101.0","115.0","132.0","43.0","6.0","0","0","0.0","0","0","1.0","0","0","0","0","0","0","0","6.0"
"1000791901219","CK2-20660099","Black","Medium","44.0","41.0","45.0","34.0","53.0","34.0","23.0","26.0","12.0","12.0","4.0","2.0","2.0","6.0","3.0","1.0","0","0","0","0"
"1000791905217","CK2-20660099","Beige","Medium","56.0","48.0","45.0","48.0","54.0","47.0","55.0","77.0","47.0","25.0","17.0","3.0","7.0","7.0","0","0","0","0","0","0"
"1000791903213","CK2-20660099","White","Medium","55.0","62.0","57.0","47.0","60.0","48.0","31.0","12.0","7.0","4.0","2.0","0","0.0","0","0","0","0","0","0","0"
"1000788301329","CK2-10680008","Black","Extra Small","158.0","126.0","139.0","103.0","66.0","54.0","23.0","12.0","0","4.0","4.0","3.0","2.0","0","2.0","0","0","0","1.0","0"
"1000788313322","CK2-10680008","Pink","Extra Small","215.0","180.0","159.0","126.0","68.0","33.0","12.0","1.0","0","0","0","0","0","0","0","0","0","0","0","0"
"1000788303323","CK2-10680008","White","Extra Small","124.0","109.0","78.0","83.0","67.0","28.0","4.0","0","0","1.0","0","0","0","0","0","0","0","0","0","0"
"1000788510325","CK2-10680009","Navy","Extra Small","6.0","7.0","10.0","3.0","4.0","11.0","4.0","9.0","5.0","8.0","9.0","11.0","12.0","8.0","9.0","8.0","5.0","4.0","10.0","8.0"
"1000788517324","CK2-10680009","Orange","Extra Small","31.0","20.0","16.0","14.0","16.0","52.0","26.0","30.0","42.0","32.0","45.0","45.0","25.0","35.0","31.0","33.0","35.0","40.0","34.0","28.0"
"1000788503327","CK2-10680009","White","Extra Small","32.0","37.0","25.0","26.0","26.0","30.0","32.0","44.0","18.0","37.0","39.0","43.0","29.0","31.0","16.0","33.0","29.0","15.0","20.0","18.0"
"1000788702324","CK2-10680010","Brown","Extra Small","18.0","26.0","33.0","31.0","24.0","21.0","21.0","24.0","64.0","75.0","57.0","64.0","52.0","83.0","99.0","54.0","83.0","58.0","26.0","19.0"
"1000788705325","CK2-10680010","Beige","Extra Small","32.0","24.0","18.0","23.0","18.0","33.0","22.0","28.0","69.0","66.0","62.0","49.0","70.0","71.0","91.0","70.0","70.0","63.0","56.0","50.0"
"1000788703321","CK2-10680010","White","Extra Small","20.0","25.0","18.0","20.0","12.0","20.0","22.0","22.0","60.0","56.0","54.0","55.0","43.0","55.0","34.0","34.0","28.0","18.0","19.0","27.0"
"1000788902328","CK2-10680011","Brown","Extra Small","47.0","36.0","42.0","67.0","46.0","81.0","84.0","63.0","14.0","13.0","13.0","12.0","6.0","3.0","8.0","9.0","13.0","11.0","6.0","4.0"
"1000788920322","CK2-10680011","Peach","Extra Small","102.0","133.0","115.0","103.0","50.0","24.0","4.0","-1.0","2.0","-1.0","-1.0","0","0","0","0","0","0","-1.0","0","0"
"1000788912327","CK2-10680011","Green","Extra Small","70.0","73.0","79.0","68.0","57.0","61.0","24.0","9.0","1.0","0","0","-1.0","1.0","0","0","0","0","0","0","0"
"1000789104325","CK2-10680012","Grey","Extra Small","76.0","78.0","53.0","83.0","96.0","60.0","32.0","17.0","9.0","15.0","6.0","9.0","5.0","0","0","0","1.0","3.0","0","0"
"1000789114324","CK2-10680012","Taupe","Extra Small","62.0","81.0","87.0","81.0","109.0","58.0","86.0","46.0","35.0","33.0","30.0","22.0","22.0","1.0","1.0","9.0","6.0","8.0","6.0","8.0"
"1000789122329","CK2-10680012","Camel","Extra Small","70.0","73.0","69.0","75.0","103.0","78.0","49.0","22.0","16.0","25.0","10.0","5.0","19.0","3.0","0","12.0","5.0","6.0","3.0","0"
"1000789301328","CK2-10680013","Black","Extra Small","110.0","89.0","68.0","67.0","47.0","32.0","12.0","8.0","0","6.0","2.0","0","0","0","0","0","0","0","0","0"
"1000789335323","CK2-10680013","Nude","Extra Small","136.0","141.0","124.0","104.0","59.0","23.0","10.0","3.0","2.0","1.0","0","0","0","0","0","0","0","0","0","0"
"1000789303322","CK2-10680013","White","Extra Small","100.0","98.0","103.0","90.0","74.0","45.0","13.0","10.0","0","7.0","2.0","1.0","0","0","0","0","1.0","0","0","0"
"1000789523324","CK2-10680014","Yellow","Extra Small","65.0","58.0","62.0","70.0","52.0","69.0","62.0","99.0","92.0","62.0","43.0","31.0","17.0","5.0","1.0","1.0","0","0","0","1.0"
"1000789509328","CK2-10680014","Cream","Extra Small","112.0","91.0","101.0","106.0","65.0","74.0","24.0","10.0","16.0","1.0","1.0","1.0","0","1.0","0","1.0","0","1.0","0","0"
"1000789530322","CK2-10680014","Fuchsia","Extra Small","117.0","110.0","116.0","125.0","61.0","42.0","16.0","7.0","6.0","1.0","0","0","0","0","0","0","0","0","0","0"
"1000789721324","CK2-10680015","Teal","Extra Small","178.0","175.0","118.0","64.0","8.0","0","0","0","0","0","0","0","0","0","0","0","0","0","0","0"
"1000789717327","CK2-10680015","Orange","Extra Small","119.0","167.0","153.0","102.0","32.0","6.0","1.0","1.0","2.0","2.0","-2.0","0","0","0","-1.0","0","0","0","0","0"
"1000789709322","CK2-10680015","Cream","Extra Small","148.0","129.0","86.0","38.0","30.0","13.0","1.0","0","0","0","0","-1.0","0","0","0","0","0","0","0","0"
"1000792101212","CK2-20740760","Black","Medium","44.0","47.0","56.0","31.0","36.0","44.0","42.0","45.0","28.0","10.0","4.0","8.0","1.0","0","0","0","0","0","0","0"
"1000792100215","CK2-20740760","Tan","Medium","26.0","24.0","25.0","25.0","35.0","44.0","30.0","42.0","47.0","30.0","39.0","45.0","41.0","21.0","25.0","20.0","17.0","4.0","0","0"
"1000792109218","CK2-20740760","Cream","Medium","35.0","41.0","30.0","41.0","35.0","61.0","38.0","21.0","25.0","13.0","3.0","2.0","1.0","1.0","1.0","0","0","0","0","0"
"1000792301223","CK2-20740789","Black","Large","47.0","30.0","37.0","34.0","31.0","34.0","33.0","23.0","22.0","18.0","16.0","13.0","2.0","0","2.0","5.0","2.0","0","0","0"
"1000792318221","CK2-20740789","Khaki","Large","8.0","10.0","9.0","10.0","8.0","10.0","19.0","23.0","11.0","7.0","9.0","15.0","12.0","0","2.0","5.0","5.0","4.0","2.0","3.0"
"1000792335228","CK2-20740789","Nude","Large","78.0","55.0","54.0","46.0","62.0","43.0","26.0","10.0","10.0","8.0","0","0","0","0","0","0","0","0","0","0"
"1000796901214","CK2-50740792","Black","Medium","18.0","21.0","31.0","20.0","17.0","26.0","18.0","16.0","19.0","22.0","20.0","9.0","16.0","4.0","8.0","3.0","7.0","5.0","7.0","3.0"
"1000796905212","CK2-50740792","Beige","Medium","45.0","49.0","66.0","47.0","53.0","37.0","23.0","14.0","8.0","2.0","2.0","3.0","-1.0","0","0","1.0","0","0","0","0"
"1000796918212","CK2-50740792","Khaki","Medium","23.0","33.0","27.0","24.0","23.0","6.0","7.0","2.0","2.0","1.0","0","0","1.0","0","0","1.0","0","0","0","0"
"1000797137223","CK2-50740793","Olive","Large","18.0","11.0","11.0","18.0","25.0","20.0","14.0","24.0","16.0","20.0","14.0","10.0","8.0","6.0","5.0","0","8.0","4.0","8.0","1.0"
"1000797110226","CK2-50740793","Navy","Large","68.0","55.0","45.0","40.0","68.0","52.0","30.0","7.0","2.0","0","0","0","0","0","0","-1.0","1.0","0","0","0"
"1000797301211","CK2-50740798","Black","Medium","50.0","58.0","45.0","35.0","59.0","49.0","30.0","32.0","15.0","13.0","3.0","6.0","3.0","0","0","0","0","1.0","0","0"
"1000797314211","CK2-50740798","Taupe","Medium","14.0","16.0","22.0","4.0","12.0","5.0","10.0","12.0","15.0","13.0","7.0","9.0","5.0","1.0","4.0","8.0","5.0","3.0","4.0","6.0"
"1000797335216","CK2-50740798","Nude","Medium","89.0","61.0","77.0","77.0","77.0","54.0","34.0","17.0","11.0","1.0","0","0","0","1.0","0","0","0","0","0","0"
"1000798101216","CK2-60740800","Black","Medium","39.0","24.0","49.0","39.0","46.0","39.0","35.0","41.0","39.0","17.0","10.0","6.0","3.0","6.0","0","5.0","1.0","0","0","0"
"1000798102213","CK2-60740800","Brown","Medium","22.0","28.0","47.0","44.0","35.0","55.0","55.0","32.0","34.0","36.0","48.0","31.0","32.0","30.0","25.0","9.0","7.0","5.0","2.0","2.0"
"1000798103210","CK2-60740800","White","Medium","14.0","24.0","26.0","24.0","28.0","31.0","25.0","24.0","22.0","19.0","18.0","23.0","16.0","32.0","18.0","12.0","16.0","15.0","14.0","10.0"
"1000792501210","CK2-20740801","Black","Medium","132.0","147.0","145.0","150.0","109.0","34.0","0.0","0.0","2.0","0","0","0","-1.0","-1.0","0","0","-1.0","0","0","0"
"1000792509216","CK2-20740801","Cream","Medium","111.0","133.0","152.0","153.0","107.0","107.0","25.0","2.0","0","0","0","0","0","0","0","0","0","0","0","0"
"1000792506215","CK2-20740801","Blue","Medium","160.0","90.0","19.0","1.0","1.0","-1.0","0","0","0","0","5.0","13.0","0","9.0","20.0","3.0","9.0","3.0","4.0","4.0"
"1000800310223","CK2-90740808","Navy","Large","63.0","46.0","36.0","43.0","69.0","56.0","48.0","51.0","37.0","35.0","26.0","29.0","32.0","28.0","31.0","22.0","63.0","36.0","13.0","0"
"1000800314221","CK2-90740808","Taupe","Large","8.0","12.0","13.0","9.0","10.0","20.0","10.0","7.0","13.0","10.0","10.0","9.0","8.0","3.0","9.0","8.0","18.0","47.0","59.0","42.0"
"1000800309227","CK2-90740808","Cream","Large","34.0","54.0","42.0","45.0","54.0","52.0","33.0","42.0","31.0","27.0","20.0","20.0","28.0","24.0","20.0","19.0","45.0","41.0","29.0","2.0"
"1000797501215","CK2-50740816","Black","Medium","51.0","42.0","55.0","39.0","27.0","11.0","4.0","8.0","7.0","2.0","1.0","0","0","0","0","0","0","0","0","0"
"1000797517216","CK2-50740816","Orange","Medium","43.0","39.0","47.0","38.0","15.0","5.0","9.0","0","0","0","0","0","0","0","0","0","0","0","0","0"
"1000797512211","CK2-50740816","Green","Medium","28.0","33.0","25.0","23.0","13.0","9.0","8.0","3.0","5.0","1.0","0","0","0","0","0","0","0","0","0","0"
"1000797701219","CK2-50740817","Black","Medium","51.0","33.0","28.0","49.0","43.0","34.0","35.0","29.0","20.0","23.0","16.0","10.0","8.0","6.0","1.0","1.0","0","0","1.0","4.0"
"1000797735214","CK2-50740817","Nude","Medium","85.0","83.0","73.0","101.0","72.0","46.0","26.0","6.0","2.0","1.0","0","-1.0","1.0","0","0","0","0","0","0","0"
"1000797722214","CK2-50740817","Camel","Medium","85.0","69.0","62.0","85.0","71.0","73.0","66.0","55.0","16.0","14.0","2.0","2.0","0","0","0","0","0","0","0","0"
"1000799913207","CK2-80740819","Pink","Small","119.0","95.0","107.0","48.0","16.0","3.0","0","-1.0","0","0","0","0.0","0","0","0","0","0","0","0","0"
"1000799935209","CK2-80740819","Nude","Small","54.0","47.0","54.0","63.0","60.0","84.0","64.0","49.0","24.0","15.0","2.0","-1.0","4.0","6.0","2.0","2.0","0","0","-1.0","2.0"
"1000799902201","CK2-80740819","Brown","Small","73.0","63.0","77.0","87.0","68.0","36.0","19.0","2.0","4.0","0.0","0","0","0","0","0","0","0","-1.0","0","0"
"1000797901213","CK2-50740820","Black","Medium","20.0","23.0","19.0","12.0","13.0","11.0","15.0","16.0","14.0","14.0","14.0","6.0","5.0","15.0","27.0","33.0","20.0","2.0","0","0"
"1000797909219","CK2-50740820","Cream","Medium","40.0","38.0","31.0","30.0","26.0","34.0","40.0","16.0","29.0","24.0","22.0","14.0","11.0","9.0","21.0","2.0","2.0","0","0","0"
"1000797918211","CK2-50740820","Khaki","Medium","41.0","23.0","37.0","28.0","26.0","37.0","19.0","29.0","17.0","15.0","11.0","12.0","9.0","17.0","48.0","62.0","45.0","3.0","2.0","2.0"
"1000800502215","CK2-90740821","Brown","Medium","46.0","55.0","39.0","53.0","42.0","50.0","51.0","20.0","16.0","11.0","1.0","4.0","0","2.0","0","0","0","1.0","1.0","0"
"1000800505216","CK2-90740821","Beige","Medium","28.0","36.0","31.0","37.0","36.0","29.0","26.0","14.0","19.0","15.0","3.0","1.0","3.0","5.0","1.0","2.0","1.0","2.0","0","1.0"
"1000800503212","CK2-90740821","White","Medium","54.0","61.0","49.0","16.0","11.0","5.0","4.0","0","0","0","0","0","0","0","0","0","0","0","0","0"
